{
  "reference": "Standard PID",
  "rows": [
    {
      "algorithm": "PIDController",
      "tir_70_180": 38.46153846153847,
      "tir_below_70": 61.53846153846154,
      "tir_above_180": 0.0,
      "bolus_interventions": 1,
      "total_violations": 13
    },
    {
      "algorithm": "Standard PID",
      "tir_70_180": 38.46153846153847,
      "tir_below_70": 61.53846153846154,
      "tir_above_180": 0.0,
      "bolus_interventions": 1,
      "total_violations": 13
    },
    {
      "algorithm": "Standard Pump",
      "tir_70_180": 35.714285714285715,
      "tir_below_70": 64.28571428571429,
      "tir_above_180": 0.0,
      "bolus_interventions": 13,
      "total_violations": 13
    }
  ]
}