algorithm,tir_70_180,tir_below_70,tir_above_180,bolus_interventions,total_violations
PIDController,38.46153846153847,61.53846153846154,0.0,1,13
Standard PID,38.46153846153847,61.53846153846154,0.0,1,13
Standard Pump,35.714285714285715,64.28571428571429,0.0,13,13
